이름,연락메일
김일일,kim11@gmail.com
김일이,kim12@gmail.com
김일삼,kim13@gmail.com
김일사,kim14@gmail.com
김일오,kim15@gmail.com
김일육,kim16@gmail.com
김일칠,kim17@gmail.com
김일팔,kim18@gmail.com
김일구,kim19@gmail.com
김일십,kim20@gmail.com
김십일,kim21@gmail.com
김십이,kim22@gmail.com
김십삼,kim23@gmail.com
김십사,kim24@gmail.com
김십오,kim25@gmail.com
김십육,kim26@gmail.com
김십칠,kim27@gmail.com
김십구,kim28@gmail.com
김이십,kim29@gmail.com
이십일,kim30@gmail.com
이십이,kim31@gmail.com
이십삼,kim32@gmail.com
이십사,kim33@gmail.com
이십오,kim34@gmail.com
이십육,kim35@gmail.com
이십칠,kim36@gmail.com
이십구,kim37@gmail.com
이삼십,kim38@gmail.com
